{
  "type": "minimax",
  "aggressive_weight": 0.25,
  "exploration_weight": 0.37499999999999994,
  "safety_weight": 0.37499999999999994,
  "depth": 4,
  "metadata": {
    "win_rate": 0.0,
    "avg_reward": -0.767102928127773,
    "num_matches": 10,
    "saved_at": "2025-11-08T18:33:16.712796",
    "model_name": "minimax_config_29"
  }
}