{
  "type": "minimax",
  "aggressive_weight": 0.125,
  "exploration_weight": 0.37499999999999994,
  "safety_weight": 0.5,
  "depth": 3,
  "metadata": {
    "win_rate": 0.0,
    "avg_reward": -0.7573543944979708,
    "num_matches": 10,
    "saved_at": "2025-11-08T18:26:42.766988",
    "model_name": "minimax_config_5"
  }
}