{
  "type": "minimax",
  "aggressive_weight": 0.22222222222222224,
  "exploration_weight": 0.22222222222222224,
  "safety_weight": 0.5555555555555556,
  "depth": 4,
  "metadata": {
    "win_rate": 0.0,
    "avg_reward": -0.7570979724488848,
    "num_matches": 10,
    "saved_at": "2025-11-08T18:26:25.275191",
    "model_name": "minimax_config_4"
  }
}