{
  "type": "minimax",
  "aggressive_weight": 0.16666666666666669,
  "exploration_weight": 0.4166666666666667,
  "safety_weight": 0.4166666666666667,
  "depth": 4,
  "metadata": {
    "win_rate": 0.0,
    "avg_reward": 0.0695128205128205,
    "num_matches": 10,
    "saved_at": "2025-11-08T18:32:29.569063",
    "model_name": "minimax_config_26"
  }
}