{
  "type": "minimax",
  "aggressive_weight": 0.25,
  "exploration_weight": 0.0,
  "safety_weight": 0.7499999999999999,
  "depth": 5,
  "metadata": {
    "win_rate": 0.0,
    "avg_reward": 0.06900847457627117,
    "num_matches": 10,
    "saved_at": "2025-11-08T18:33:02.553336",
    "model_name": "minimax_config_28"
  }
}