{
  "type": "minimax",
  "aggressive_weight": 0.6666666666666666,
  "exploration_weight": 0.0,
  "safety_weight": 0.3333333333333333,
  "depth": 5,
  "metadata": {
    "win_rate": 1.0,
    "avg_reward": 0.9439416058394163,
    "num_matches": 10,
    "saved_at": "2025-11-08T18:29:00.059969",
    "model_name": "minimax_config_13"
  }
}