{
  "type": "minimax",
  "aggressive_weight": 0.16666666666666669,
  "exploration_weight": 0.0,
  "safety_weight": 0.8333333333333334,
  "depth": 2,
  "metadata": {
    "win_rate": 1.0,
    "avg_reward": 0.9408450704225351,
    "num_matches": 10,
    "saved_at": "2025-11-08T18:30:26.001524",
    "model_name": "minimax_config_19"
  }
}