{
  "type": "minimax",
  "aggressive_weight": 0.5714285714285715,
  "exploration_weight": 0.4285714285714286,
  "safety_weight": 0.0,
  "depth": 2,
  "metadata": {
    "win_rate": 0.0,
    "avg_reward": -0.7461715127658649,
    "num_matches": 10,
    "saved_at": "2025-11-08T18:30:17.239836",
    "model_name": "minimax_config_18"
  }
}