{
  "type": "minimax",
  "aggressive_weight": 0.625,
  "exploration_weight": 0.25000000000000006,
  "safety_weight": 0.12500000000000003,
  "depth": 4,
  "metadata": {
    "win_rate": 1.0,
    "avg_reward": 0.9549068322981367,
    "num_matches": 10,
    "saved_at": "2025-11-08T18:29:36.357425",
    "model_name": "minimax_config_15"
  }
}