{
  "type": "minimax",
  "aggressive_weight": 0.3076923076923077,
  "exploration_weight": 0.3846153846153846,
  "safety_weight": 0.3076923076923077,
  "depth": 2,
  "metadata": {
    "win_rate": 0.0,
    "avg_reward": 0.07153097345132743,
    "num_matches": 10,
    "saved_at": "2025-11-08T18:28:40.390002",
    "model_name": "minimax_config_12"
  }
}