{
  "type": "minimax",
  "aggressive_weight": 0.5555555555555556,
  "exploration_weight": 0.0,
  "safety_weight": 0.4444444444444445,
  "depth": 4,
  "metadata": {
    "win_rate": 1.0,
    "avg_reward": 0.9439416058394163,
    "num_matches": 10,
    "saved_at": "2025-11-08T18:31:55.651304",
    "model_name": "minimax_config_24"
  }
}