{
  "type": "minimax",
  "aggressive_weight": 0.4166666666666667,
  "exploration_weight": 0.33333333333333337,
  "safety_weight": 0.25,
  "depth": 3,
  "metadata": {
    "win_rate": 1.0,
    "avg_reward": 0.9444036697247709,
    "num_matches": 10,
    "saved_at": "2025-11-08T18:27:42.288975",
    "model_name": "minimax_config_8"
  }
}