{
  "type": "minimax",
  "aggressive_weight": 0.14285714285714285,
  "exploration_weight": 0.2857142857142857,
  "safety_weight": 0.5714285714285714,
  "depth": 5,
  "metadata": {
    "win_rate": 0.0,
    "avg_reward": -0.7532414159929299,
    "num_matches": 10,
    "saved_at": "2025-11-08T18:25:49.501679",
    "model_name": "minimax_config_2"
  }
}